bench	variant	runs	status	elapsed_s	all_elapsed	md5
dot-mem	simd-256	5	ok	0.66	0.66 0.66 0.66 0.66 0.66	6a2af661e2476978717dea02afc6a15e
dot-cache	simd-256	5	ok	0.38	0.38 0.38 0.38 0.38 0.38	eab5a509a90ee9d0cdcdc5828211acfa
saxpy-mem	simd-256	5	ok	0.71	0.71 0.72 0.72 0.71 0.71	2b3a0d6020ded2d3e0062b11605c75b9
saxpy-cache	simd-256	5	ok	0.43	0.43 0.43 0.43 0.43 0.43	853578cdee1b3dd4a08732371f1855ce
matmul	simd-256	5	ok	5.49	5.50 5.49 5.49 5.49 5.49	4bdcfd860a1bf6e409bbb88a547ee891
spectral-norm	simd-256	5	ok	0.67	0.67 0.67 0.67 0.67 0.67	1584fbeab0a952f314fbf0fd7621885f
dot-mem	simd-512	5	ok	0.65	0.65 0.66 0.66 0.65 0.65	6a2af661e2476978717dea02afc6a15e
dot-cache	simd-512	5	ok	0.32	0.32 0.32 0.32 0.32 0.32	eab5a509a90ee9d0cdcdc5828211acfa
saxpy-mem	simd-512	5	ok	0.72	0.72 0.72 0.73 0.72 0.72	2b3a0d6020ded2d3e0062b11605c75b9
saxpy-cache	simd-512	5	ok	0.40	0.40 0.40 0.40 0.40 0.40	853578cdee1b3dd4a08732371f1855ce
matmul	simd-512	5	ok	4.15	4.15 4.14 4.15 4.14 4.15	4bdcfd860a1bf6e409bbb88a547ee891
spectral-norm	simd-512	5	ok	0.67	0.67 0.67 0.67 0.67 0.67	1584fbeab0a952f314fbf0fd7621885f
n-body	simd	5	ok	2.39	2.39 2.39 2.40 2.39 2.39	32c32132315472b32572eb1f52fc01a6
mandelbrot	simd	5	ok	2.79	2.79 2.79 2.79 2.79 2.79	8c2ed8883de64eccd3154ac612021fe8
dot-mem	scalar	5	ok	0.67	0.67 0.67 0.67 0.67 0.67	6a2af661e2476978717dea02afc6a15e
dot-cache	scalar	5	ok	1.11	1.11 1.11 1.11 1.11 1.11	eab5a509a90ee9d0cdcdc5828211acfa
saxpy-mem	scalar	5	ok	0.73	0.73 0.73 0.73 0.73 0.73	2b3a0d6020ded2d3e0062b11605c75b9
saxpy-cache	scalar	5	ok	0.42	0.42 0.42 0.42 0.42 0.42	853578cdee1b3dd4a08732371f1855ce
matmul	scalar	5	ok	7.40	7.41 7.40 7.39 7.40 7.38	4bdcfd860a1bf6e409bbb88a547ee891
spectral-norm	scalar	5	ok	1.69	1.69 1.69 1.69 1.69 1.69	1584fbeab0a952f314fbf0fd7621885f
dot-mem	scalar-p512	5	ok	0.68	0.68 0.67 0.68 0.68 0.67	6a2af661e2476978717dea02afc6a15e
dot-cache	scalar-p512	5	ok	1.11	1.11 1.11 1.11 1.11 1.11	eab5a509a90ee9d0cdcdc5828211acfa
saxpy-mem	scalar-p512	5	ok	0.73	0.72 0.73 0.73 0.73 0.72	2b3a0d6020ded2d3e0062b11605c75b9
saxpy-cache	scalar-p512	5	ok	0.40	0.40 0.40 0.39 0.40 0.40	853578cdee1b3dd4a08732371f1855ce
matmul	scalar-p512	5	ok	7.39	7.40 7.41 7.39 7.39 7.38	4bdcfd860a1bf6e409bbb88a547ee891
spectral-norm	scalar-p512	5	ok	1.69	1.69 1.69 1.69 1.69 1.69	1584fbeab0a952f314fbf0fd7621885f
