label	fib_ms	numpy_ms	numpy_openblas_ms	checksum_ok	fib_cs	numpy_cs
matmul f64 512	3.525101	3.471598	3.434363	True	496211078.54956055	496211078.54956055
matmul f64 1024	26.312734	25.170052	25.210738	True	773359536.508728	773359536.508728
matmul f64 2048	224.012093	196.054651	196.544697	True	6005505671.934082	6005505671.934082
matmul f32 512	1.609186	1.616996	1.579748	True	496211078.54956055	496211078.54956055
matmul f32 1024	13.091564	12.258689	12.278184	True	773359536.508728	773359536.508728
matmul f32 2048	110.067375	97.878526	99.807458	True	6005505671.934082	6005505671.934082
a*b+c f64 1e7	30.85876	30.749158	None	True	321425931.31811523	321425931.31811523
a*b+c f64 1e8	407.364719	359.641129	None	True	3214257825.7261963	3214257825.7261963
a*b+c f32 1e7	13.203819	13.364245	None	True	321425931.31811523	321425931.31811523
sum f64 1e8 (ordered t/sum)	179.911647	90.518445	None	True	-7.6875	-7.6875
sum f64 1e8 (t/sum-fast)	70.907586	88.396812	None	True	-7.6875	-7.6875
mean f64 1e8	180.557857	89.072444	None	True	-7.6875e-08	-7.6875e-08
max f64 1e8	230.397778	73.247834	None	True	2.75	2.75
exp f64 1e7 (t/exp)	24.78084	17.764805	None	True	75853423188.90533	75853423188.00577
log f64 1e7 (t/log)	43.027834	39.60391	None	True	7885122.141547541	7885122.141690528
tanh f64 1e7 (t/tanh)	30.445442	21.694879	None	True	8350529.857494869	8350529.857668623
exp f32 1e7 (t/exp)	25.623397	8.42574	None	True	75853423746.94957	75853423927.89215
sum axis 0, 4096x4096	33.6473	12.105101	None	True	25463.03125	25463.03125
sum axis 1, 4096x4096	27.938106	14.548155	None	True	33076.4609375	33076.4609375
max axis 0, 4096x4096	27.305934	10.096899	None	True	30976.0	30976.0
max axis 1, 4096x4096	35.240634	12.001529	None	True	30976.0	30976.0
broadcast add 4096x4096 + row	21.374138	33.222229	None	True	52653155.2265625	52653155.2265625
softmax rows 4096x4096 f64	148.658865	127.836562	None	True	1.5062662440326147	1.5062662440399328
layernorm 4096x1024 f64	33.492334	38.654594	None	True	53455307.3728886	53455307.37288308
MLP f32 b256 784-512-10	1.77944	1.503303	1.519505	True	1227553372.07362	1227553385.5548067
MLP f32 b256 784-512-10 (t/dense)	1.448399	1.494275	1.519657	True	1227553372.07362	1227553385.5548067
softmax rows 4096x4096 f64 (t/softmax)	65.681752	127.630331	None	True	1.5062662440327164	1.5062662440399328
layernorm 4096x1024 f64 (t/layernorm)	6.13228	40.078769	None	True	53455307.3728886	53455307.37288308
attention f32 n=1024 d=64 (composed)	9.548011	6.898259	6.896342	True	291.52047709496765	291.5204996953499
attention f32 n=1024 d=64 (t/softmax)	5.864364	6.948185	7.047858	True	291.52051268274204	291.5204996953499
