case-7000-256	0
case-7000-512	0
case-7001-256	0
case-7001-512	0
case-7002-256	0
case-7002-512	0
case-7003-256	0
case-7003-512	0
case-7004-256	0
case-7004-512	0
case-7005-256	0
case-7005-512	0
case-7007-256	0
case-7007-512	0
case-7008-256	0
case-7008-512	0
case-7009-256	0
case-7009-512	0
case-7010-256	0
case-7010-512	0
case-7012-256	0
case-7012-512	0
case-7013-256	0
case-7013-512	0
case-7014-256	0
case-7014-512	0
case-7015-256	0
case-7015-512	0
case-7016-256	0
case-7016-512	0
case-7017-256	0
case-7017-512	0
case-7018-256	0
case-7018-512	0
case-7019-256	0
case-7019-512	0
case-7076-256	0
case-7076-512	0
case-7077-256	0
case-7077-512	0
case-7078-256	0
case-7078-512	0
case-7079-256	0
case-7079-512	0
case-7080-256	0
case-7080-512	0
case-7081-256	0
case-7081-512	0
case-7083-256	0
case-7083-512	0
case-7084-256	0
case-7084-512	0
case-7085-256	0
case-7085-512	0
case-7740-256	0
case-7740-512	0
case-7741-256	0
case-7741-512	0
case-7742-256	0
case-7742-512	0
case-7743-256	0
case-7743-512	0
case-7960-256	0
case-7960-512	0
case-7961-256	0
case-7961-512	0
case-7962-256	0
case-7962-512	0
