matmul64	 3.0047592801635742E7	 3.0047592801635742E7	same
matmul32	 3.0047592801635742E7	 3.0047592801635742E7	same
fma64	 3214275.1865844727	 3214275.1865844727	same
fma32	 3214275.1865844727	 3214275.1865844727	same
sum	 -4.5625	 -4.5625	same
sumfast	 -4.5625	 -4.5625	same
mean	 -4.5625E-5	 -4.5625E-5	same
max	 2.75	 2.75	same
sum0	 3184.18359375	 3184.18359375	same
sum1	 2043.41796875	 2043.41796875	same
max0	 1936.0	 1936.0	same
max1	 1936.0	 1936.0	same
bcast	 206015.765625	 206015.765625	same
expvec	 7.579851322560577E8	 7.579851322560577E8	same
logvec	 78852.8964145432	 78852.8964145432	same
tanhvec	 83504.17883624343	 83504.17883624343	same
expvec32	 7.57985137837202E8	 7.57985137837202E8	same
softmax	 1.5062216700685696	 1.5062216700685696	same
softmaxfused	 1.5062216700685676	 1.5062216700685667	DIFF
layernorm	 3341302.495231461	 3341302.495231461	same
layernormfused	 3341302.495231461	 3341302.495231461	same
mlp	 1.541176469023232E8	 1.541176469023232E8	same
mlpfused	 1.541176469023232E8	 1.541176469023232E8	same
attn	 387.82225283812727	 387.82225283812727	same
attnfused	 387.82227031619294	 387.82227031619294	same
