mode	workers	n	rounds_ms	values
pmap	1	100000000	1973 1782 1698 1958 1785 1702 	9999999900000000 
pmap-each	1	100000000	1959 1795 1702 1949 1783 1698 	9999999900000000 
preduce	1	100000000	951 950 951 951 951 951 	14999999850000000 
preduce-n	1	100000000	448 449 447 449 448 448 	14999999850000000 
preduce-r	1	100000000	197 196 196 197 196 196 	14999999850000000 
pmap	2	100000000	2040 1847 1735 2025 1839 1723 	9999999900000000 
pmap-each	2	100000000	2048 1820 1684 2036 1732 1785 	9999999900000000 
preduce	2	100000000	600 477 477 589 477 476 	14999999850000000 
preduce-n	2	100000000	225 227 291 225 224 225 	14999999850000000 
preduce-r	2	100000000	99 105 99 107 106 102 	14999999850000000 
pmap	4	100000000	1901 1453 1528 1929 1669 1674 	9999999900000000 
pmap-each	4	100000000	1836 1529 1889 2033 1688 1619 	9999999900000000 
preduce	4	100000000	353 306 335 354 239 241 	14999999850000000 
preduce-n	4	100000000	371 114 112 113 162 114 	14999999850000000 
preduce-r	4	100000000	50 50 57 52 52 50 	14999999850000000 
pmap	8	100000000	1821 1490 1370 1796 1421 1545 	9999999900000000 
pmap-each	8	100000000	1728 1331 1518 1727 1489 1395 	9999999900000000 
preduce	8	100000000	237 123 188 239 124 129 	14999999850000000 
preduce-n	8	100000000	62 96 87 58 297 80 	14999999850000000 
preduce-r	8	100000000	26 34 41 26 47 27 	14999999850000000 
pmap	16	100000000	1710 1381 1389 1809 1428 1469 	9999999900000000 
pmap-each	16	100000000	1696 1367 1350 1790 1313 1332 	9999999900000000 
preduce	16	100000000	255 69 106 185 110 147 	14999999850000000 
preduce-n	16	100000000	32 78 32 32 70 53 	14999999850000000 
preduce-r	16	100000000	16 16 22 16 15 32 	14999999850000000 
pmap	32	100000000	1734 1444 1496 1832 1507 1400 	9999999900000000 
pmap-each	32	100000000	1851 1348 1367 1811 1349 1294 	9999999900000000 
preduce	32	100000000	199 149 67 181 124 121 	14999999850000000 
preduce-n	32	100000000	60 31 47 31 31 31 	14999999850000000 
preduce-r	32	100000000	14 22 22 32 21 21 	14999999850000000 
