bench	variant	runs	status	elapsed_s	user_s	rss_kb	all_elapsed	md5
binary-trees	fib	5	ok	10.66	10.55	393744	10.78 10.58 10.60 10.66 10.69	baf0dcbc307297f68bd9459833db9f73
binary-trees	c	5	ok	9.36	9.27	263768	9.37 9.36 9.36 9.30 9.31	baf0dcbc307297f68bd9459833db9f73
binary-trees	java	5	ok	4.47	3.96	3838096	4.43 4.47 4.49 4.47 4.48	baf0dcbc307297f68bd9459833db9f73
fannkuch-redux	fib	3	ok	31.02	31.01	588	31.03 31.02 31.02	0d70eeb93670d7b8580d83dbcad066f1
fannkuch-redux	c	3	ok	31.21	31.21	1624	31.21 31.21 31.10	0d70eeb93670d7b8580d83dbcad066f1
fannkuch-redux	java	3	ok	36.77	36.80	44724	36.78 35.90 36.77	0d70eeb93670d7b8580d83dbcad066f1
fasta	fib	5	ok	2.94	2.89	528	2.94 2.96 2.94 2.95 2.94	fd55b9e8011c781131046b6dd87511e1
fasta	c	5	ok	2.94	2.89	1308	2.94 2.94 2.96 2.95 2.94	fd55b9e8011c781131046b6dd87511e1
fasta	java	5	ok	3.50	3.45	43988	3.45 3.67 3.57 3.50 3.44	fd55b9e8011c781131046b6dd87511e1
k-nucleotide	fib	3	ok	62.64	62.50	244740	61.10 63.20 62.64	f02cc90543a73d26a3bbf306227194b6
k-nucleotide	c	3	ok	3.80	3.71	132872	3.80 3.77 3.80	f02cc90543a73d26a3bbf306227194b6
k-nucleotide	java	3	ok	14.34	14.45	981800	14.34 14.51 14.28	f02cc90543a73d26a3bbf306227194b6
mandelbrot	fib	5	ok	14.44	14.42	524	14.44 14.42 14.43 14.44 14.44	8c2ed8883de64eccd3154ac612021fe8
mandelbrot	fib-simd	5	ok	2.80	2.78	524	2.80 2.80 2.80 2.80 2.80	8c2ed8883de64eccd3154ac612021fe8
mandelbrot	c	5	ok	14.84	14.83	1624	14.83 14.84 14.86 14.83 14.84	8c2ed8883de64eccd3154ac612021fe8
mandelbrot	java	5	ok	16.39	16.42	46704	16.39 16.39 16.39 16.44 16.43	8c2ed8883de64eccd3154ac612021fe8
n-body	fib	5	ok	8.01	8.01	800	8.03 8.00 7.98 8.01 8.02	32c32132315472b32572eb1f52fc01a6
n-body	fib-simd	5	ok	2.37	2.37	800	2.37 2.37 2.37 2.37 2.37	32c32132315472b32572eb1f52fc01a6
n-body	c	5	ok	2.12	2.12	1624	2.12 2.13 2.12 2.12 2.12	32c32132315472b32572eb1f52fc01a6
n-body	java	5	ok	2.55	2.58	46820	2.56 2.56 2.55 2.55 2.55	32c32132315472b32572eb1f52fc01a6
pidigits	fib	5	ok	4.84	3.39	2344	4.84 4.84 4.83 4.85 4.84	5b185f9a67a426baf78aa3bbb5baf8df
pidigits	c	5	ok	0.59	0.59	2936	0.59 0.59 0.59 0.59 0.59	5b185f9a67a426baf78aa3bbb5baf8df
pidigits	java	5	ok	3.69	3.56	1407048	3.70 3.62 3.69 3.62 3.70	5b185f9a67a426baf78aa3bbb5baf8df
regex-redux	fib	5	ok	3.45	3.24	431972	3.45 3.49 3.45 3.46 3.45	8fc8018a2c9d742ec732437feef4ef39
regex-redux	c	5	ok	1.47	1.37	103140	1.47 1.47 1.47 1.47 1.48	8fc8018a2c9d742ec732437feef4ef39
regex-redux	java	5	ok	9.73	9.89	597404	9.75 9.75 9.57 9.73 9.67	8fc8018a2c9d742ec732437feef4ef39
reverse-complement	fib	5	ok	1.18	1.03	122580	1.18 1.18 1.18 1.18 1.17	86befdda368165b26e6ef16620037658
reverse-complement	c	5	ok	0.86	0.72	123408	0.86 0.86 0.86 0.86 0.86	86befdda368165b26e6ef16620037658
reverse-complement	java	5	ok	1.03	0.91	478348	1.03 1.08 1.03 1.03 1.02	86befdda368165b26e6ef16620037658
spectral-norm	fib	5	ok	1.70	1.70	876	1.70 1.70 1.70 1.70 1.70	1584fbeab0a952f314fbf0fd7621885f
spectral-norm	fib-simd	5	ok	0.67	0.67	876	0.68 0.67 0.67 0.67 0.67	1584fbeab0a952f314fbf0fd7621885f
spectral-norm	c	5	ok	1.35	1.35	1740	1.35 1.35 1.34 1.35 1.35	1584fbeab0a952f314fbf0fd7621885f
spectral-norm	java	5	ok	3.63	3.64	45540	3.63 3.62 3.63 3.63 3.62	1584fbeab0a952f314fbf0fd7621885f
dot-mem	fib	5	ok	0.67	0.50	1562972	0.69 0.67 0.68 0.67 0.67	6a2af661e2476978717dea02afc6a15e
dot-mem	fib-simd	5	ok	0.66	0.49	1562948	0.65 0.65 0.66 0.66 0.67	6a2af661e2476978717dea02afc6a15e
dot-mem	c	5	ok	0.80	0.33	1563992	0.80 0.80 0.79 0.81 0.80	6a2af661e2476978717dea02afc6a15e
dot-mem	java	5	ok	1.01	0.46	1657064	1.00 1.01 1.02 1.02 1.01	6a2af661e2476978717dea02afc6a15e
dot-cache	fib	5	ok	1.11	1.11	1036	1.11 1.11 1.11 1.11 1.11	eab5a509a90ee9d0cdcdc5828211acfa
dot-cache	fib-simd	5	ok	0.38	0.38	1036	0.38 0.38 0.38 0.62 0.38	eab5a509a90ee9d0cdcdc5828211acfa
dot-cache	c	5	ok	1.11	1.11	2132	1.11 1.11 1.11 1.11 1.19	eab5a509a90ee9d0cdcdc5828211acfa
dot-cache	java	5	ok	1.18	1.18	46536	1.17 1.18 1.20 1.19 1.18	eab5a509a90ee9d0cdcdc5828211acfa
saxpy-mem	fib	5	ok	0.73	0.55	1562996	0.72 0.73 0.73 0.73 0.73	2b3a0d6020ded2d3e0062b11605c75b9
saxpy-mem	fib-simd	5	ok	0.72	0.54	1562908	0.71 0.72 0.72 0.72 0.71	2b3a0d6020ded2d3e0062b11605c75b9
saxpy-mem	c	5	ok	0.87	0.38	1563992	0.87 0.87 0.86 0.86 0.87	2b3a0d6020ded2d3e0062b11605c75b9
saxpy-mem	java	5	ok	1.08	0.52	1657960	1.08 1.09 1.08 1.08 1.08	2b3a0d6020ded2d3e0062b11605c75b9
saxpy-cache	fib	5	ok	0.42	0.42	1036	0.42 0.42 0.42 0.42 0.42	853578cdee1b3dd4a08732371f1855ce
saxpy-cache	fib-simd	5	ok	0.43	0.43	1036	0.43 0.43 0.43 0.44 0.43	853578cdee1b3dd4a08732371f1855ce
saxpy-cache	c	5	ok	0.22	0.22	2136	0.22 0.22 0.22 0.22 0.22	853578cdee1b3dd4a08732371f1855ce
saxpy-cache	java	5	ok	1.08	1.08	46112	6.83 1.08 0.94 0.95 4.61	853578cdee1b3dd4a08732371f1855ce
matmul	fib	5	ok	7.43	7.42	98820	7.44 7.38 7.38 7.43 7.43	4bdcfd860a1bf6e409bbb88a547ee891
matmul	fib-simd	5	ok	5.62	5.61	98824	5.47 5.83 5.81 5.47 5.62	4bdcfd860a1bf6e409bbb88a547ee891
matmul	c	5	ok	2.36	2.32	99928	2.62 2.22 2.37 2.11 2.36	4bdcfd860a1bf6e409bbb88a547ee891
matmul	java	5	ok	3.58	3.56	144748	3.80 3.93 3.58 3.53 3.56	4bdcfd860a1bf6e409bbb88a547ee891
