# NAME<TAB>reason: the rows of the stdlib function table (spec/stdlib.md section 4) that nothing defines yet; docs/adr/0023 (the list only shrinks, an entry whose row is bound is a finding)
aget	JVM-style arrays (MArray, spec 2.11): tranche 3
aset	JVM-style arrays (MArray, spec 2.11): tranche 3
alength	JVM-style arrays (MArray, spec 2.11): tranche 3
aclone	JVM-style arrays (MArray, spec 2.11): tranche 3
make-array	JVM-style arrays (MArray, spec 2.11): tranche 3
long-array	JVM-style arrays (MArray, spec 2.11): tranche 3
double-array	JVM-style arrays (MArray, spec 2.11): tranche 3
float-array	JVM-style arrays (MArray, spec 2.11): tranche 3
short-array	JVM-style arrays (MArray, spec 2.11): tranche 3
int-array	JVM-style arrays (MArray, spec 2.11): tranche 3
byte-array	JVM-style arrays (MArray, spec 2.11): tranche 3
boolean-array	JVM-style arrays (MArray, spec 2.11): tranche 3
char-array	JVM-style arrays (MArray, spec 2.11): tranche 3
object-array	JVM-style arrays (MArray, spec 2.11): tranche 3
into-array	JVM-style arrays (MArray, spec 2.11): tranche 3
to-array-2d	JVM-style arrays (MArray, spec 2.11): tranche 3
amap	JVM-style arrays (MArray, spec 2.11): tranche 3
areduce	JVM-style arrays (MArray, spec 2.11): tranche 3
MArray	JVM-style arrays (MArray, spec 2.11): tranche 3
condp	macro or form of 4.2 not written yet (expander, tranche 2 to 4)
case	macro or form of 4.2 not written yet (expander, tranche 2 to 4)
comment	macro or form of 4.2 not written yet (expander, tranche 2 to 4)
time	macro or form of 4.2 not written yet (expander, tranche 2 to 4)
cond->	macro or form of 4.2 not written yet (expander, tranche 2 to 4)
cond->>	macro or form of 4.2 not written yet (expander, tranche 2 to 4)
some->	macro or form of 4.2 not written yet (expander, tranche 2 to 4)
some->>	macro or form of 4.2 not written yet (expander, tranche 2 to 4)
juxt	arity-reading (L22): a function of a variable number of functions of a variable arity has no static type; compiler work
memoize	macro or form of 4.2 not written yet (expander, tranche 2 to 4)
every-pred	arity-reading (L22): compiler work
some-fn	arity-reading (L22): compiler work
completing	macro or form of 4.2 not written yet (expander, tranche 2 to 4)
halt-when	macro or form of 4.2 not written yet (expander, tranche 2 to 4)
pat	macro or form of 4.2 not written yet (expander, tranche 2 to 4)
with-bindings	macro or form of 4.2 not written yet (expander, tranche 2 to 4)
bound-fn	macro or form of 4.2 not written yet (expander, tranche 2 to 4)
with-redefs	macro or form of 4.2 not written yet (expander, tranche 2 to 4)
locking	macro or form of 4.2 not written yet (expander, tranche 2 to 4)
with-out-str	macro or form of 4.2 not written yet (expander, tranche 2 to 4)
with-in-str	macro or form of 4.2 not written yet (expander, tranche 2 to 4)
with-local-vars	macro or form of 4.2 not written yet (expander, tranche 2 to 4)
defmulti	macro or form of 4.2 not written yet (expander, tranche 2 to 4)
defmethod	macro or form of 4.2 not written yet (expander, tranche 2 to 4)
extend-type	macro or form of 4.2 not written yet (expander, tranche 2 to 4)
extend-protocol	macro or form of 4.2 not written yet (expander, tranche 2 to 4)
reify	macro or form of 4.2 not written yet (expander, tranche 2 to 4)
deftype	macro or form of 4.2 not written yet (expander, tranche 2 to 4)
refer	macro or form of 4.2 not written yet (expander, tranche 2 to 4)
refer-clojure	macro or form of 4.2 not written yet (expander, tranche 2 to 4)
macroexpand	macro or form of 4.2 not written yet (expander, tranche 2 to 4)
macroexpand-1	macro or form of 4.2 not written yet (expander, tranche 2 to 4)
apply	needs the arity of f at the call site (`(apply f xs)` with `f: (fn (A B) R)` is `(f (nth xs 0) (nth xs 1))`): an arity-reading form of the type checker, not a function or a library macro (the expander cannot see f's type); compiler work (LANG), left on purpose
isa?	macro or form of 4.2 not written yet (expander, tranche 2 to 4)
->Point	macro or form of 4.2 not written yet (expander, tranche 2 to 4)
map->Point	macro or form of 4.2 not written yet (expander, tranche 2 to 4)
pcalls	macro or form of 4.2 not written yet (expander, tranche 2 to 4)
pvalues	macro or form of 4.2 not written yet (expander, tranche 2 to 4)
rand	needs a global random generator (ADR 0013); `math/random` (secure bytes, stateless) is the stateless spelling
rand-int	needs a global random generator (ADR 0013); `fib.rng`'s `rng-between`
identical?	needs a pointer-equality builtin on objects (rt and compiler/types: LANG-2's area); library code cannot compare addresses
mix-collection-hash	fib.core extra not written yet (spec 4.3 tranche 3 and 4)
distinct?	fib.core extra not written yet (spec 4.3 tranche 3 and 4)
find-keyword	fib.core extra not written yet (spec 4.3 tranche 3 and 4)
boolean	`boolean` is a name `compiler/expand/build.fib` defines for itself (a function of the compiler): a core name equal to it would capture it in the fixed point (ADR 0003); and a conditions-take-Option language needs no truthiness cast
unchecked-float	unchecked arithmetic family (alias rows of 4.3): tranche 3
unchecked-double	unchecked arithmetic family (alias rows of 4.3): tranche 3
unchecked-char	unchecked arithmetic family (alias rows of 4.3): tranche 3
+'	auto-promoting arithmetic needs BigInt promotion: tranche 4
-'	auto-promoting arithmetic needs BigInt promotion: tranche 4
*'	auto-promoting arithmetic needs BigInt promotion: tranche 4
inc'	auto-promoting arithmetic needs BigInt promotion: tranche 4
dec'	auto-promoting arithmetic needs BigInt promotion: tranche 4
bigdec	fib.core extra not written yet (spec 4.3 tranche 3 and 4)
rationalize	fib.core extra not written yet (spec 4.3 tranche 3 and 4)
with-precision	fib.core extra not written yet (spec 4.3 tranche 3 and 4)
parse-uuid	fib.core extra not written yet (spec 4.3 tranche 3 and 4)
random-uuid	fib.core extra not written yet (spec 4.3 tranche 3 and 4)
Throwable->map	fib.core extra not written yet (spec 4.3 tranche 3 and 4)
catch	fib.core extra not written yet (spec 4.3 tranche 3 and 4)
finally	fib.core extra not written yet (spec 4.3 tranche 3 and 4)
meta	fib.core extra not written yet (spec 4.3 tranche 3 and 4)
with-meta	fib.core extra not written yet (spec 4.3 tranche 3 and 4)
vary-meta	fib.core extra not written yet (spec 4.3 tranche 3 and 4)
alter-meta!	fib.core extra not written yet (spec 4.3 tranche 3 and 4)
reset-meta!	fib.core extra not written yet (spec 4.3 tranche 3 and 4)
inst-ms	fib.core extra not written yet (spec 4.3 tranche 3 and 4)
vector-of	`vector-of` is a function of `compiler/lir/check/aggr.fib` (ADR 0003); the typed primitive vectors are `(Array i64)` etc.
line-seq	sequence function not written yet (spec 4.4 tranche 3)
iteration	sequence function not written yet (spec 4.4 tranche 3)
nfirst	`(next (first c))` over a Seqable element: writable as a function over `(Reducible c d) (Seqable d s)` but not written here (no caller asked); nothing in the language blocks it
rseq	needs the `Reversed` view type and `Reversible` instances for Vec and Range; the Vec case is `(reverse v)` today
sort-by-cached	sequence function not written yet (spec 4.4 tranche 3)
shuffle	needs a global random generator: ADR 0013 (no global mutable state); `fib.rng` takes an explicit `Rng`, and `math/random` is stateless
transduce	sequence function not written yet (spec 4.4 tranche 3)
xf	transducer constructor (Xf, Stepper, spec 4.4): tranche 3
xmap	transducer constructor (Xf, Stepper, spec 4.4): tranche 3
xfilter	transducer constructor (Xf, Stepper, spec 4.4): tranche 3
xremove	transducer constructor (Xf, Stepper, spec 4.4): tranche 3
xtake	transducer constructor (Xf, Stepper, spec 4.4): tranche 3
xtake-while	transducer constructor (Xf, Stepper, spec 4.4): tranche 3
xdrop	transducer constructor (Xf, Stepper, spec 4.4): tranche 3
xdrop-while	transducer constructor (Xf, Stepper, spec 4.4): tranche 3
xtake-nth	transducer constructor (Xf, Stepper, spec 4.4): tranche 3
xkeep	transducer constructor (Xf, Stepper, spec 4.4): tranche 3
xkeep-indexed	transducer constructor (Xf, Stepper, spec 4.4): tranche 3
xmap-indexed	transducer constructor (Xf, Stepper, spec 4.4): tranche 3
xmapcat	transducer constructor (Xf, Stepper, spec 4.4): tranche 3
xpartition-all	transducer constructor (Xf, Stepper, spec 4.4): tranche 3
xpartition-by	transducer constructor (Xf, Stepper, spec 4.4): tranche 3
xdedupe	transducer constructor (Xf, Stepper, spec 4.4): tranche 3
xdistinct	transducer constructor (Xf, Stepper, spec 4.4): tranche 3
xinterpose	transducer constructor (Xf, Stepper, spec 4.4): tranche 3
xreplace	transducer constructor (Xf, Stepper, spec 4.4): tranche 3
xrandom-sample	transducer constructor (Xf, Stepper, spec 4.4): tranche 3
rand-nth	needs a global random generator (ADR 0013); `(nth c (rng-below r (count c)))` with fib.rng is the idiom
random-sample	needs a global random generator (ADR 0013)
sequence	`sequence` is a function of `compiler/expand/quasi.fib` (ADR 0003: the self-hosting trap); the row also needs transducers (Xf)
eduction	sequence function not written yet (spec 4.4 tranche 3)
zip-strict	sequence function not written yet (spec 4.4 tranche 3)
frange	sequence function not written yet (spec 4.4 tranche 3)
transient	sequence function not written yet (spec 4.4 tranche 3)
persistent!	sequence function not written yet (spec 4.4 tranche 3)
conj!	sequence function not written yet (spec 4.4 tranche 3)
assoc!	sequence function not written yet (spec 4.4 tranche 3)
dissoc!	sequence function not written yet (spec 4.4 tranche 3)
disj!	sequence function not written yet (spec 4.4 tranche 3)
pop!	sequence function not written yet (spec 4.4 tranche 3)
reduced?	sequence function not written yet (spec 4.4 tranche 3)
unreduced	sequence function not written yet (spec 4.4 tranche 3)
ensure-reduced	sequence function not written yet (spec 4.4 tranche 3)
replicate	sequence function not written yet (spec 4.4 tranche 3)
file-seq	sequence function not written yet (spec 4.4 tranche 3)
SubVec	collection function not written yet (spec 4.5 tranche 3)
subseq	fib.sorted (B-tree sorted collections): tranche 3
rsubseq	fib.sorted (B-tree sorted collections): tranche 3
sorted-map	fib.sorted (B-tree sorted collections): tranche 3
sorted-map-by	fib.sorted (B-tree sorted collections): tranche 3
sorted-set	fib.sorted (B-tree sorted collections): tranche 3
sorted-set-by	fib.sorted (B-tree sorted collections): tranche 3
comparator	fib.sorted (B-tree sorted collections): tranche 3
queue	fib.sorted (B-tree sorted collections): tranche 3
re-matcher	regex extra (spec 4.9)
set/union	fib.set is not written (spec 4.11)
set/intersection	fib.set is not written (spec 4.11)
set/difference	fib.set is not written (spec 4.11)
set/select	fib.set is not written (spec 4.11)
set/project	fib.set is not written (spec 4.11)
set/rename-keys	fib.set is not written (spec 4.11)
set/rename	fib.set is not written (spec 4.11)
set/index	fib.set is not written (spec 4.11)
set/map-invert	fib.set is not written (spec 4.11)
set/join	fib.set is not written (spec 4.11)
set/subset?	fib.set is not written (spec 4.11)
set/superset?	fib.set is not written (spec 4.11)
walk/walk	fib.walk is not written (spec 4.12)
walk/postwalk	fib.walk is not written (spec 4.12)
walk/prewalk	fib.walk is not written (spec 4.12)
walk/keywordize-keys	fib.walk is not written (spec 4.12)
walk/stringify-keys	fib.walk is not written (spec 4.12)
walk/prewalk-replace	fib.walk is not written (spec 4.12)
walk/postwalk-replace	fib.walk is not written (spec 4.12)
walk/postwalk-demo	fib.walk is not written (spec 4.12)
walk/prewalk-demo	fib.walk is not written (spec 4.12)
walk/macroexpand-all	fib.walk is not written (spec 4.12)
data/diff	clojure.data/diff: tranche 4
flush	printing and reading extras (pprint, tap, read-string): tranche 3 and 4
printf	printing and reading extras (pprint, tap, read-string): tranche 3 and 4
pprint	printing and reading extras (pprint, tap, read-string): tranche 3 and 4
print-table	printing and reading extras (pprint, tap, read-string): tranche 3 and 4
tap>	printing and reading extras (pprint, tap, read-string): tranche 3 and 4
add-tap	printing and reading extras (pprint, tap, read-string): tranche 3 and 4
remove-tap	printing and reading extras (pprint, tap, read-string): tranche 3 and 4
read-string	printing and reading extras (pprint, tap, read-string): tranche 3 and 4
try-read-string	printing and reading extras (pprint, tap, read-string): tranche 3 and 4
read+string	printing and reading extras (pprint, tap, read-string): tranche 3 and 4
swap-vals!	reference types and futures beyond future and atom (delay, promise, watches): tranche 3 and 4
reset-vals!	reference types and futures beyond future and atom (delay, promise, watches): tranche 3 and 4
delay	reference types and futures beyond future and atom (delay, promise, watches): tranche 3 and 4
force	reference types and futures beyond future and atom (delay, promise, watches): tranche 3 and 4
cancelled?	reference types and futures beyond future and atom (delay, promise, watches): tranche 3 and 4
promise	reference types and futures beyond future and atom (delay, promise, watches): tranche 3 and 4
deliver	reference types and futures beyond future and atom (delay, promise, watches): tranche 3 and 4
future-done?	reference types and futures beyond future and atom (delay, promise, watches): tranche 3 and 4
seque	reference types and futures beyond future and atom (delay, promise, watches): tranche 3 and 4
add-watch	reference types and futures beyond future and atom (delay, promise, watches): tranche 3 and 4
remove-watch	reference types and futures beyond future and atom (delay, promise, watches): tranche 3 and 4
set-validator!	reference types and futures beyond future and atom (delay, promise, watches): tranche 3 and 4
get-validator	reference types and futures beyond future and atom (delay, promise, watches): tranche 3 and 4
future-cancel	reference types and futures beyond future and atom (delay, promise, watches): tranche 3 and 4
future-cancelled?	reference types and futures beyond future and atom (delay, promise, watches): tranche 3 and 4
Thread/sleep	host interop names (Thread/, System/): tranche 4
System/currentTimeMillis	host interop names (Thread/, System/): tranche 4
System/nanoTime	host interop names (Thread/, System/): tranche 4
System/getenv	host interop names (Thread/, System/): tranche 4
System/exit	host interop names (Thread/, System/): tranche 4
clojure-version	host interop names (Thread/, System/): tranche 4
map-entry?	type predicates need a static type test the language has no form for yet (spec 4.18): tranche 3
sorted?	type predicates need a static type test the language has no form for yet (spec 4.18): tranche 3
char?	type predicates need a static type test the language has no form for yet (spec 4.18): tranche 3
boolean?	type predicates need a static type test the language has no form for yet (spec 4.18): tranche 3
seq?	type predicates need a static type test the language has no form for yet (spec 4.18): tranche 3
coll?	type predicates need a static type test the language has no form for yet (spec 4.18): tranche 3
list?	type predicates need a static type test the language has no form for yet (spec 4.18): tranche 3
vector?	type predicates need a static type test the language has no form for yet (spec 4.18): tranche 3
map?	type predicates need a static type test the language has no form for yet (spec 4.18): tranche 3
set?	type predicates need a static type test the language has no form for yet (spec 4.18): tranche 3
string?	type predicates need a static type test the language has no form for yet (spec 4.18): tranche 3
keyword?	type predicates need a static type test the language has no form for yet (spec 4.18): tranche 3
symbol?	type predicates need a static type test the language has no form for yet (spec 4.18): tranche 3
int?	type predicates need a static type test the language has no form for yet (spec 4.18): tranche 3
float?	type predicates need a static type test the language has no form for yet (spec 4.18): tranche 3
double?	type predicates need a static type test the language has no form for yet (spec 4.18): tranche 3
decimal?	type predicates need a static type test the language has no form for yet (spec 4.18): tranche 3
ratio?	type predicates need a static type test the language has no form for yet (spec 4.18): tranche 3
rational?	type predicates need a static type test the language has no form for yet (spec 4.18): tranche 3
fn?	type predicates need a static type test the language has no form for yet (spec 4.18): tranche 3
ifn?	type predicates need a static type test the language has no form for yet (spec 4.18): tranche 3
associative?	type predicates need a static type test the language has no form for yet (spec 4.18): tranche 3
sequential?	type predicates need a static type test the language has no form for yet (spec 4.18): tranche 3
counted?	type predicates need a static type test the language has no form for yet (spec 4.18): tranche 3
reversible?	type predicates need a static type test the language has no form for yet (spec 4.18): tranche 3
indexed?	type predicates need a static type test the language has no form for yet (spec 4.18): tranche 3
seqable?	type predicates need a static type test the language has no form for yet (spec 4.18): tranche 3
ident?	type predicates need a static type test the language has no form for yet (spec 4.18): tranche 3
simple-ident?	type predicates need a static type test the language has no form for yet (spec 4.18): tranche 3
qualified-ident?	type predicates need a static type test the language has no form for yet (spec 4.18): tranche 3
simple-keyword?	type predicates need a static type test the language has no form for yet (spec 4.18): tranche 3
qualified-keyword?	type predicates need a static type test the language has no form for yet (spec 4.18): tranche 3
simple-symbol?	type predicates need a static type test the language has no form for yet (spec 4.18): tranche 3
qualified-symbol?	type predicates need a static type test the language has no form for yet (spec 4.18): tranche 3
uuid?	type predicates need a static type test the language has no form for yet (spec 4.18): tranche 3
inst?	type predicates need a static type test the language has no form for yet (spec 4.18): tranche 3
bytes?	type predicates need a static type test the language has no form for yet (spec 4.18): tranche 3
record?	type predicates need a static type test the language has no form for yet (spec 4.18): tranche 3
delay?	type predicates need a static type test the language has no form for yet (spec 4.18): tranche 3
future?	type predicates need a static type test the language has no form for yet (spec 4.18): tranche 3
satisfies?	type predicates need a static type test the language has no form for yet (spec 4.18): tranche 3
extends?	type predicates need a static type test the language has no form for yet (spec 4.18): tranche 3
